id_dedl,original,upper,missions,unsep,rmstr,split
,urn:eop:VITO:CGS_S1_GRD_L1,URN:EOP:VITO:CGS_S1_GRD_L1,URN:EOP:VITO:CGS_SENTINEL1_GRD_L1,URN EOP VITO CGS SENTINEL1 GRD L1,P CLMS CGS SENTINEL1 GRD L1,"['P', 'CLMS', 'CGS', 'SENTINEL1', 'GRD', 'L1']"
,urn:eop:VITO:CGS_S1_GRD_SIGMA0_L1,URN:EOP:VITO:CGS_S1_GRD_SIGMA0_L1,URN:EOP:VITO:CGS_SENTINEL1_GRD_SIGMA0_L1,URN EOP VITO CGS SENTINEL1 GRD SIGMA0 L1,P CLMS CGS SENTINEL1 GRD SIGMA0 L1,"['P', 'CLMS', 'CGS', 'SENTINEL1', 'GRD', 'SIGMA0', 'L1']"
,urn:eop:VITO:CGS_S1_SLC_L1,URN:EOP:VITO:CGS_S1_SLC_L1,URN:EOP:VITO:CGS_SENTINEL1_SLC_L1,URN EOP VITO CGS SENTINEL1 SLC L1,P CLMS CGS SENTINEL1 SLC L1,"['P', 'CLMS', 'CGS', 'SENTINEL1', 'SLC', 'L1']"
,urn:eop:VITO:CGS_S2_L1C,URN:EOP:VITO:CGS_S2_L1C,URN:EOP:VITO:CGS_SENTINEL2_L1C,URN EOP VITO CGS SENTINEL2 L1C,P CLMS CGS SENTINEL2 L1C,"['P', 'CLMS', 'CGS', 'SENTINEL2', 'L1C']"
,urn:eop:VITO:COP_DEM_EU_25M,URN:EOP:VITO:COP_DEM_EU_25M,URN:EOP:VITO:COP_DEM_EU_25M,URN EOP VITO COP DEM EU 25M,P CLMS COP DEM EU 25M,"['P', 'CLMS', 'COP', 'DEM', 'EU', '25M']"
,urn:eop:VITO:COP_DEM_GLO_30M_COG,URN:EOP:VITO:COP_DEM_GLO_30M_COG,URN:EOP:VITO:COP_DEM_GLO_30M_COG,URN EOP VITO COP DEM GLO 30M COG,P CLMS COP DEM GLO 30M COG,"['P', 'CLMS', 'COP', 'DEM', 'GLO', '30M', 'COG']"
,urn:eop:VITO:COP_DEM_GLO_90M_COG,URN:EOP:VITO:COP_DEM_GLO_90M_COG,URN:EOP:VITO:COP_DEM_GLO_90M_COG,URN EOP VITO COP DEM GLO 90M COG,P CLMS COP DEM GLO 90M COG,"['P', 'CLMS', 'COP', 'DEM', 'GLO', '90M', 'COG']"
,urn:eop:VITO:ESA_WORLDCEREAL_ACTIVECROPLAND_V1,URN:EOP:VITO:ESA_WORLDCEREAL_ACTIVECROPLAND_V1,URN:EOP:VITO:ESA_WORLDCEREAL_ACTIVECROPLAND_V1,URN EOP VITO ESA WORLDCEREAL ACTIVECROPLAND V1,P CLMS ESA WORLDCEREAL ACTIVECROPLAND V1,"['P', 'CLMS', 'ESA', 'WORLDCEREAL', 'ACTIVECROPLAND', 'V1']"
,urn:eop:VITO:ESA_WORLDCEREAL_IRRIGATION_V1,URN:EOP:VITO:ESA_WORLDCEREAL_IRRIGATION_V1,URN:EOP:VITO:ESA_WORLDCEREAL_IRRIGATION_V1,URN EOP VITO ESA WORLDCEREAL IRRIGATION V1,P CLMS ESA WORLDCEREAL IRRIGATION V1,"['P', 'CLMS', 'ESA', 'WORLDCEREAL', 'IRRIGATION', 'V1']"
,urn:eop:VITO:ESA_WORLDCEREAL_MAIZE_V1,URN:EOP:VITO:ESA_WORLDCEREAL_MAIZE_V1,URN:EOP:VITO:ESA_WORLDCEREAL_MAIZE_V1,URN EOP VITO ESA WORLDCEREAL MAIZE V1,P CLMS ESA WORLDCEREAL MAIZE V1,"['P', 'CLMS', 'ESA', 'WORLDCEREAL', 'MAIZE', 'V1']"
,urn:eop:VITO:ESA_WORLDCEREAL_SPRINGCEREALS_V1,URN:EOP:VITO:ESA_WORLDCEREAL_SPRINGCEREALS_V1,URN:EOP:VITO:ESA_WORLDCEREAL_SPRINGCEREALS_V1,URN EOP VITO ESA WORLDCEREAL SPRINGCEREALS V1,P CLMS ESA WORLDCEREAL SPRINGCEREALS V1,"['P', 'CLMS', 'ESA', 'WORLDCEREAL', 'SPRINGCEREALS', 'V1']"
,urn:eop:VITO:ESA_WORLDCEREAL_TEMPORARYCROPS_V1,URN:EOP:VITO:ESA_WORLDCEREAL_TEMPORARYCROPS_V1,URN:EOP:VITO:ESA_WORLDCEREAL_TEMPORARYCROPS_V1,URN EOP VITO ESA WORLDCEREAL TEMPORARYCROPS V1,P CLMS ESA WORLDCEREAL TEMPORARYCROPS V1,"['P', 'CLMS', 'ESA', 'WORLDCEREAL', 'TEMPORARYCROPS', 'V1']"
,urn:eop:VITO:ESA_WORLDCEREAL_WINTERCEREALS_V1,URN:EOP:VITO:ESA_WORLDCEREAL_WINTERCEREALS_V1,URN:EOP:VITO:ESA_WORLDCEREAL_WINTERCEREALS_V1,URN EOP VITO ESA WORLDCEREAL WINTERCEREALS V1,P CLMS ESA WORLDCEREAL WINTERCEREALS V1,"['P', 'CLMS', 'ESA', 'WORLDCEREAL', 'WINTERCEREALS', 'V1']"
,urn:eop:VITO:ESA_WorldCover_10m_2020_AWS_V1,URN:EOP:VITO:ESA_WORLDCOVER_10M_2020_AWS_V1,URN:EOP:VITO:ESA_WORLDCOVER_10M_2020_AWS_V1,URN EOP VITO ESA WORLDCOVER 10M 2020 AWS V1,P CLMS ESA WORLDCOVER 10M 2020 AWS V1,"['P', 'CLMS', 'ESA', 'WORLDCOVER', '10M', '2020', 'AWS', 'V1']"
,urn:eop:VITO:ESA_WorldCover_10m_2020_V1,URN:EOP:VITO:ESA_WORLDCOVER_10M_2020_V1,URN:EOP:VITO:ESA_WORLDCOVER_10M_2020_V1,URN EOP VITO ESA WORLDCOVER 10M 2020 V1,P CLMS ESA WORLDCOVER 10M 2020 V1,"['P', 'CLMS', 'ESA', 'WORLDCOVER', '10M', '2020', 'V1']"
,urn:eop:VITO:ESA_WorldCover_10m_2021_AWS_V2,URN:EOP:VITO:ESA_WORLDCOVER_10M_2021_AWS_V2,URN:EOP:VITO:ESA_WORLDCOVER_10M_2021_AWS_V2,URN EOP VITO ESA WORLDCOVER 10M 2021 AWS V2,P CLMS ESA WORLDCOVER 10M 2021 AWS V2,"['P', 'CLMS', 'ESA', 'WORLDCOVER', '10M', '2021', 'AWS', 'V2']"
,urn:eop:VITO:ESA_WorldCover_10m_2021_V2,URN:EOP:VITO:ESA_WORLDCOVER_10M_2021_V2,URN:EOP:VITO:ESA_WORLDCOVER_10M_2021_V2,URN EOP VITO ESA WORLDCOVER 10M 2021 V2,P CLMS ESA WORLDCOVER 10M 2021 V2,"['P', 'CLMS', 'ESA', 'WORLDCOVER', '10M', '2021', 'V2']"
,urn:eop:VITO:ESA_WorldCover_NDVI_10m_2020_V1,URN:EOP:VITO:ESA_WORLDCOVER_NDVI_10M_2020_V1,URN:EOP:VITO:ESA_WORLDCOVER_NDVI_10M_2020_V1,URN EOP VITO ESA WORLDCOVER NDVI 10M 2020 V1,P CLMS ESA WORLDCOVER NDVI 10M 2020 V1,"['P', 'CLMS', 'ESA', 'WORLDCOVER', 'NDVI', '10M', '2020', 'V1']"
,urn:eop:VITO:ESA_WorldCover_NDVI_10m_2021_V2,URN:EOP:VITO:ESA_WORLDCOVER_NDVI_10M_2021_V2,URN:EOP:VITO:ESA_WORLDCOVER_NDVI_10M_2021_V2,URN EOP VITO ESA WORLDCOVER NDVI 10M 2021 V2,P CLMS ESA WORLDCOVER NDVI 10M 2021 V2,"['P', 'CLMS', 'ESA', 'WORLDCOVER', 'NDVI', '10M', '2021', 'V2']"
,urn:eop:VITO:ESA_WorldCover_S1VVVHratio_10m_2020_V1,URN:EOP:VITO:ESA_WORLDCOVER_S1VVVHRATIO_10M_2020_V1,URN:EOP:VITO:ESA_WORLDCOVER_SENTINEL1VVVHRATIO_10M_2020_V1,URN EOP VITO ESA WORLDCOVER SENTINEL1VVVHRATIO 10M 2020 V1,P CLMS ESA WORLDCOVER SENTINEL1VVVHRATIO 10M 2020 V1,"['P', 'CLMS', 'ESA', 'WORLDCOVER', 'SENTINEL1VVVHRATIO', '10M', '2020', 'V1']"
,urn:eop:VITO:ESA_WorldCover_S1VVVHratio_10m_2021_V2,URN:EOP:VITO:ESA_WORLDCOVER_S1VVVHRATIO_10M_2021_V2,URN:EOP:VITO:ESA_WORLDCOVER_SENTINEL1VVVHRATIO_10M_2021_V2,URN EOP VITO ESA WORLDCOVER SENTINEL1VVVHRATIO 10M 2021 V2,P CLMS ESA WORLDCOVER SENTINEL1VVVHRATIO 10M 2021 V2,"['P', 'CLMS', 'ESA', 'WORLDCOVER', 'SENTINEL1VVVHRATIO', '10M', '2021', 'V2']"
,urn:eop:VITO:ESA_WorldCover_S2RGBNIR_10m_2020_V1,URN:EOP:VITO:ESA_WORLDCOVER_S2RGBNIR_10M_2020_V1,URN:EOP:VITO:ESA_WORLDCOVER_SENTINEL2RGBNIR_10M_2020_V1,URN EOP VITO ESA WORLDCOVER SENTINEL2RGBNIR 10M 2020 V1,P CLMS ESA WORLDCOVER SENTINEL2RGBNIR 10M 2020 V1,"['P', 'CLMS', 'ESA', 'WORLDCOVER', 'SENTINEL2RGBNIR', '10M', '2020', 'V1']"
,urn:eop:VITO:ESA_WorldCover_S2RGBNIR_10m_2021_V2,URN:EOP:VITO:ESA_WORLDCOVER_S2RGBNIR_10M_2021_V2,URN:EOP:VITO:ESA_WORLDCOVER_SENTINEL2RGBNIR_10M_2021_V2,URN EOP VITO ESA WORLDCOVER SENTINEL2RGBNIR 10M 2021 V2,P CLMS ESA WORLDCOVER SENTINEL2RGBNIR 10M 2021 V2,"['P', 'CLMS', 'ESA', 'WORLDCOVER', 'SENTINEL2RGBNIR', '10M', '2021', 'V2']"
,urn:eop:VITO:ESA_WorldCover_SWIR_10m_2020_V1,URN:EOP:VITO:ESA_WORLDCOVER_SWIR_10M_2020_V1,URN:EOP:VITO:ESA_WORLDCOVER_SWIR_10M_2020_V1,URN EOP VITO ESA WORLDCOVER SWIR 10M 2020 V1,P CLMS ESA WORLDCOVER SWIR 10M 2020 V1,"['P', 'CLMS', 'ESA', 'WORLDCOVER', 'SWIR', '10M', '2020', 'V1']"
,urn:eop:VITO:ESA_WorldCover_SWIR_10m_2021_V2,URN:EOP:VITO:ESA_WORLDCOVER_SWIR_10M_2021_V2,URN:EOP:VITO:ESA_WORLDCOVER_SWIR_10M_2021_V2,URN EOP VITO ESA WORLDCOVER SWIR 10M 2021 V2,P CLMS ESA WORLDCOVER SWIR 10M 2021 V2,"['P', 'CLMS', 'ESA', 'WORLDCOVER', 'SWIR', '10M', '2021', 'V2']"
,urn:eop:VITO:MAPEO_WATER_CHL_V1,URN:EOP:VITO:MAPEO_WATER_CHL_V1,URN:EOP:VITO:MAPEO_WATER_CHL_V1,URN EOP VITO MAPEO WATER CHL V1,P CLMS MAP WATER CHL V1,"['P', 'CLMS', 'MAP', 'WATER', 'CHL', 'V1']"
,urn:eop:VITO:MAPEO_WATER_RHOW_V1,URN:EOP:VITO:MAPEO_WATER_RHOW_V1,URN:EOP:VITO:MAPEO_WATER_RHOW_V1,URN EOP VITO MAPEO WATER RHOW V1,P CLMS MAP WATER RHOW V1,"['P', 'CLMS', 'MAP', 'WATER', 'RHOW', 'V1']"
,urn:eop:VITO:MAPEO_WATER_SPM_V1,URN:EOP:VITO:MAPEO_WATER_SPM_V1,URN:EOP:VITO:MAPEO_WATER_SPM_V1,URN EOP VITO MAPEO WATER SPM V1,P CLMS MAP WATER SPM V1,"['P', 'CLMS', 'MAP', 'WATER', 'SPM', 'V1']"
,urn:eop:VITO:MAPEO_WATER_TUR_V1,URN:EOP:VITO:MAPEO_WATER_TUR_V1,URN:EOP:VITO:MAPEO_WATER_TUR_V1,URN EOP VITO MAPEO WATER TUR V1,P CLMS MAP WATER TUR V1,"['P', 'CLMS', 'MAP', 'WATER', 'TUR', 'V1']"
,urn:eop:VITO:PROBAV_L1C_HDF_V2,URN:EOP:VITO:PROBAV_L1C_HDF_V2,URN:EOP:VITO:PROBAV_L1C_HDF_V2,URN EOP VITO PROBAV L1C HDF V2,P CLMS PROBAV L1C HDF V2,"['P', 'CLMS', 'PROBAV', 'L1C', 'HDF', 'V2']"
,urn:eop:VITO:PROBAV_L2A_100M_COG_V2,URN:EOP:VITO:PROBAV_L2A_100M_COG_V2,URN:EOP:VITO:PROBAV_L2A_100M_COG_V2,URN EOP VITO PROBAV L2A 100M COG V2,P CLMS PROBAV L2A 100M COG V2,"['P', 'CLMS', 'PROBAV', 'L2A', '100M', 'COG', 'V2']"
,urn:eop:VITO:PROBAV_L2A_100M_HDF_V2,URN:EOP:VITO:PROBAV_L2A_100M_HDF_V2,URN:EOP:VITO:PROBAV_L2A_100M_HDF_V2,URN EOP VITO PROBAV L2A 100M HDF V2,P CLMS PROBAV L2A 100M HDF V2,"['P', 'CLMS', 'PROBAV', 'L2A', '100M', 'HDF', 'V2']"
,urn:eop:VITO:PROBAV_L2A_1KM_COG_V2,URN:EOP:VITO:PROBAV_L2A_1KM_COG_V2,URN:EOP:VITO:PROBAV_L2A_1KM_COG_V2,URN EOP VITO PROBAV L2A 1KM COG V2,P CLMS PROBAV L2A 1KM COG V2,"['P', 'CLMS', 'PROBAV', 'L2A', '1KM', 'COG', 'V2']"
,urn:eop:VITO:PROBAV_L2A_1KM_HDF_V2,URN:EOP:VITO:PROBAV_L2A_1KM_HDF_V2,URN:EOP:VITO:PROBAV_L2A_1KM_HDF_V2,URN EOP VITO PROBAV L2A 1KM HDF V2,P CLMS PROBAV L2A 1KM HDF V2,"['P', 'CLMS', 'PROBAV', 'L2A', '1KM', 'HDF', 'V2']"
,urn:eop:VITO:PROBAV_L2A_333M_COG_V2,URN:EOP:VITO:PROBAV_L2A_333M_COG_V2,URN:EOP:VITO:PROBAV_L2A_333M_COG_V2,URN EOP VITO PROBAV L2A 333M COG V2,P CLMS PROBAV L2A 333M COG V2,"['P', 'CLMS', 'PROBAV', 'L2A', '333M', 'COG', 'V2']"
,urn:eop:VITO:PROBAV_L2A_333M_HDF_V2,URN:EOP:VITO:PROBAV_L2A_333M_HDF_V2,URN:EOP:VITO:PROBAV_L2A_333M_HDF_V2,URN EOP VITO PROBAV L2A 333M HDF V2,P CLMS PROBAV L2A 333M HDF V2,"['P', 'CLMS', 'PROBAV', 'L2A', '333M', 'HDF', 'V2']"
,urn:eop:VITO:PROBAV_S10_TOC_1KM_COG_V2,URN:EOP:VITO:PROBAV_S10_TOC_1KM_COG_V2,URN:EOP:VITO:PROBAV_SENTINEL10_TOC_1KM_COG_V2,URN EOP VITO PROBAV SENTINEL10 TOC 1KM COG V2,P CLMS PROBAV SENTINEL10 TOC 1KM COG V2,"['P', 'CLMS', 'PROBAV', 'SENTINEL10', 'TOC', '1KM', 'COG', 'V2']"
,urn:eop:VITO:PROBAV_S10_TOC_1KM_HDF_V2,URN:EOP:VITO:PROBAV_S10_TOC_1KM_HDF_V2,URN:EOP:VITO:PROBAV_SENTINEL10_TOC_1KM_HDF_V2,URN EOP VITO PROBAV SENTINEL10 TOC 1KM HDF V2,P CLMS PROBAV SENTINEL10 TOC 1KM HDF V2,"['P', 'CLMS', 'PROBAV', 'SENTINEL10', 'TOC', '1KM', 'HDF', 'V2']"
,urn:eop:VITO:PROBAV_S10_TOC_333M_COG_V2,URN:EOP:VITO:PROBAV_S10_TOC_333M_COG_V2,URN:EOP:VITO:PROBAV_SENTINEL10_TOC_333M_COG_V2,URN EOP VITO PROBAV SENTINEL10 TOC 333M COG V2,P CLMS PROBAV SENTINEL10 TOC 333M COG V2,"['P', 'CLMS', 'PROBAV', 'SENTINEL10', 'TOC', '333M', 'COG', 'V2']"
,urn:eop:VITO:PROBAV_S10_TOC_333M_HDF_V2,URN:EOP:VITO:PROBAV_S10_TOC_333M_HDF_V2,URN:EOP:VITO:PROBAV_SENTINEL10_TOC_333M_HDF_V2,URN EOP VITO PROBAV SENTINEL10 TOC 333M HDF V2,P CLMS PROBAV SENTINEL10 TOC 333M HDF V2,"['P', 'CLMS', 'PROBAV', 'SENTINEL10', 'TOC', '333M', 'HDF', 'V2']"
,urn:eop:VITO:PROBAV_S10_TOC_NDVI_1KM_COG_V2,URN:EOP:VITO:PROBAV_S10_TOC_NDVI_1KM_COG_V2,URN:EOP:VITO:PROBAV_SENTINEL10_TOC_NDVI_1KM_COG_V2,URN EOP VITO PROBAV SENTINEL10 TOC NDVI 1KM COG V2,P CLMS PROBAV SENTINEL10 TOC NDVI 1KM COG V2,"['P', 'CLMS', 'PROBAV', 'SENTINEL10', 'TOC', 'NDVI', '1KM', 'COG', 'V2']"
,urn:eop:VITO:PROBAV_S10_TOC_NDVI_1KM_HDF_V2,URN:EOP:VITO:PROBAV_S10_TOC_NDVI_1KM_HDF_V2,URN:EOP:VITO:PROBAV_SENTINEL10_TOC_NDVI_1KM_HDF_V2,URN EOP VITO PROBAV SENTINEL10 TOC NDVI 1KM HDF V2,P CLMS PROBAV SENTINEL10 TOC NDVI 1KM HDF V2,"['P', 'CLMS', 'PROBAV', 'SENTINEL10', 'TOC', 'NDVI', '1KM', 'HDF', 'V2']"
,urn:eop:VITO:PROBAV_S10_TOC_NDVI_333M_COG_V2,URN:EOP:VITO:PROBAV_S10_TOC_NDVI_333M_COG_V2,URN:EOP:VITO:PROBAV_SENTINEL10_TOC_NDVI_333M_COG_V2,URN EOP VITO PROBAV SENTINEL10 TOC NDVI 333M COG V2,P CLMS PROBAV SENTINEL10 TOC NDVI 333M COG V2,"['P', 'CLMS', 'PROBAV', 'SENTINEL10', 'TOC', 'NDVI', '333M', 'COG', 'V2']"
,urn:eop:VITO:PROBAV_S10_TOC_NDVI_333M_HDF_V2,URN:EOP:VITO:PROBAV_S10_TOC_NDVI_333M_HDF_V2,URN:EOP:VITO:PROBAV_SENTINEL10_TOC_NDVI_333M_HDF_V2,URN EOP VITO PROBAV SENTINEL10 TOC NDVI 333M HDF V2,P CLMS PROBAV SENTINEL10 TOC NDVI 333M HDF V2,"['P', 'CLMS', 'PROBAV', 'SENTINEL10', 'TOC', 'NDVI', '333M', 'HDF', 'V2']"
,urn:eop:VITO:PROBAV_S1_TOA_100M_COG_V2,URN:EOP:VITO:PROBAV_S1_TOA_100M_COG_V2,URN:EOP:VITO:PROBAV_SENTINEL1_TOA_100M_COG_V2,URN EOP VITO PROBAV SENTINEL1 TOA 100M COG V2,P CLMS PROBAV SENTINEL1 TOA 100M COG V2,"['P', 'CLMS', 'PROBAV', 'SENTINEL1', 'TOA', '100M', 'COG', 'V2']"
,urn:eop:VITO:PROBAV_S1_TOA_100M_HDF_V2,URN:EOP:VITO:PROBAV_S1_TOA_100M_HDF_V2,URN:EOP:VITO:PROBAV_SENTINEL1_TOA_100M_HDF_V2,URN EOP VITO PROBAV SENTINEL1 TOA 100M HDF V2,P CLMS PROBAV SENTINEL1 TOA 100M HDF V2,"['P', 'CLMS', 'PROBAV', 'SENTINEL1', 'TOA', '100M', 'HDF', 'V2']"
,urn:eop:VITO:PROBAV_S1_TOA_1KM_COG_V2,URN:EOP:VITO:PROBAV_S1_TOA_1KM_COG_V2,URN:EOP:VITO:PROBAV_SENTINEL1_TOA_1KM_COG_V2,URN EOP VITO PROBAV SENTINEL1 TOA 1KM COG V2,P CLMS PROBAV SENTINEL1 TOA 1KM COG V2,"['P', 'CLMS', 'PROBAV', 'SENTINEL1', 'TOA', '1KM', 'COG', 'V2']"
,urn:eop:VITO:PROBAV_S1_TOA_1KM_HDF_V2,URN:EOP:VITO:PROBAV_S1_TOA_1KM_HDF_V2,URN:EOP:VITO:PROBAV_SENTINEL1_TOA_1KM_HDF_V2,URN EOP VITO PROBAV SENTINEL1 TOA 1KM HDF V2,P CLMS PROBAV SENTINEL1 TOA 1KM HDF V2,"['P', 'CLMS', 'PROBAV', 'SENTINEL1', 'TOA', '1KM', 'HDF', 'V2']"
,urn:eop:VITO:PROBAV_S1_TOA_333M_COG_V2,URN:EOP:VITO:PROBAV_S1_TOA_333M_COG_V2,URN:EOP:VITO:PROBAV_SENTINEL1_TOA_333M_COG_V2,URN EOP VITO PROBAV SENTINEL1 TOA 333M COG V2,P CLMS PROBAV SENTINEL1 TOA 333M COG V2,"['P', 'CLMS', 'PROBAV', 'SENTINEL1', 'TOA', '333M', 'COG', 'V2']"
,urn:eop:VITO:PROBAV_S1_TOA_333M_HDF_V2,URN:EOP:VITO:PROBAV_S1_TOA_333M_HDF_V2,URN:EOP:VITO:PROBAV_SENTINEL1_TOA_333M_HDF_V2,URN EOP VITO PROBAV SENTINEL1 TOA 333M HDF V2,P CLMS PROBAV SENTINEL1 TOA 333M HDF V2,"['P', 'CLMS', 'PROBAV', 'SENTINEL1', 'TOA', '333M', 'HDF', 'V2']"
,urn:eop:VITO:PROBAV_S1_TOC_100M_COG_V2,URN:EOP:VITO:PROBAV_S1_TOC_100M_COG_V2,URN:EOP:VITO:PROBAV_SENTINEL1_TOC_100M_COG_V2,URN EOP VITO PROBAV SENTINEL1 TOC 100M COG V2,P CLMS PROBAV SENTINEL1 TOC 100M COG V2,"['P', 'CLMS', 'PROBAV', 'SENTINEL1', 'TOC', '100M', 'COG', 'V2']"
,urn:eop:VITO:PROBAV_S1_TOC_100M_HDF_V2,URN:EOP:VITO:PROBAV_S1_TOC_100M_HDF_V2,URN:EOP:VITO:PROBAV_SENTINEL1_TOC_100M_HDF_V2,URN EOP VITO PROBAV SENTINEL1 TOC 100M HDF V2,P CLMS PROBAV SENTINEL1 TOC 100M HDF V2,"['P', 'CLMS', 'PROBAV', 'SENTINEL1', 'TOC', '100M', 'HDF', 'V2']"
,urn:eop:VITO:PROBAV_S1_TOC_1KM_COG_V2,URN:EOP:VITO:PROBAV_S1_TOC_1KM_COG_V2,URN:EOP:VITO:PROBAV_SENTINEL1_TOC_1KM_COG_V2,URN EOP VITO PROBAV SENTINEL1 TOC 1KM COG V2,P CLMS PROBAV SENTINEL1 TOC 1KM COG V2,"['P', 'CLMS', 'PROBAV', 'SENTINEL1', 'TOC', '1KM', 'COG', 'V2']"
,urn:eop:VITO:PROBAV_S1_TOC_1KM_HDF_V2,URN:EOP:VITO:PROBAV_S1_TOC_1KM_HDF_V2,URN:EOP:VITO:PROBAV_SENTINEL1_TOC_1KM_HDF_V2,URN EOP VITO PROBAV SENTINEL1 TOC 1KM HDF V2,P CLMS PROBAV SENTINEL1 TOC 1KM HDF V2,"['P', 'CLMS', 'PROBAV', 'SENTINEL1', 'TOC', '1KM', 'HDF', 'V2']"
,urn:eop:VITO:PROBAV_S1_TOC_333M_COG_V2,URN:EOP:VITO:PROBAV_S1_TOC_333M_COG_V2,URN:EOP:VITO:PROBAV_SENTINEL1_TOC_333M_COG_V2,URN EOP VITO PROBAV SENTINEL1 TOC 333M COG V2,P CLMS PROBAV SENTINEL1 TOC 333M COG V2,"['P', 'CLMS', 'PROBAV', 'SENTINEL1', 'TOC', '333M', 'COG', 'V2']"
,urn:eop:VITO:PROBAV_S1_TOC_333M_HDF_V2,URN:EOP:VITO:PROBAV_S1_TOC_333M_HDF_V2,URN:EOP:VITO:PROBAV_SENTINEL1_TOC_333M_HDF_V2,URN EOP VITO PROBAV SENTINEL1 TOC 333M HDF V2,P CLMS PROBAV SENTINEL1 TOC 333M HDF V2,"['P', 'CLMS', 'PROBAV', 'SENTINEL1', 'TOC', '333M', 'HDF', 'V2']"
,urn:eop:VITO:PROBAV_S1_TOC_NDVI_100M_COG_V2,URN:EOP:VITO:PROBAV_S1_TOC_NDVI_100M_COG_V2,URN:EOP:VITO:PROBAV_SENTINEL1_TOC_NDVI_100M_COG_V2,URN EOP VITO PROBAV SENTINEL1 TOC NDVI 100M COG V2,P CLMS PROBAV SENTINEL1 TOC NDVI 100M COG V2,"['P', 'CLMS', 'PROBAV', 'SENTINEL1', 'TOC', 'NDVI', '100M', 'COG', 'V2']"
,urn:eop:VITO:PROBAV_S1_TOC_NDVI_100M_HDF_V2,URN:EOP:VITO:PROBAV_S1_TOC_NDVI_100M_HDF_V2,URN:EOP:VITO:PROBAV_SENTINEL1_TOC_NDVI_100M_HDF_V2,URN EOP VITO PROBAV SENTINEL1 TOC NDVI 100M HDF V2,P CLMS PROBAV SENTINEL1 TOC NDVI 100M HDF V2,"['P', 'CLMS', 'PROBAV', 'SENTINEL1', 'TOC', 'NDVI', '100M', 'HDF', 'V2']"
,urn:eop:VITO:PROBAV_S5_TOA_100M_COG_V2,URN:EOP:VITO:PROBAV_S5_TOA_100M_COG_V2,URN:EOP:VITO:PROBAV_S5_TOA_100M_COG_V2,URN EOP VITO PROBAV S5 TOA 100M COG V2,P CLMS PROBAV S5 TOA 100M COG V2,"['P', 'CLMS', 'PROBAV', 'S5', 'TOA', '100M', 'COG', 'V2']"
,urn:eop:VITO:PROBAV_S5_TOA_100M_HDF_V2,URN:EOP:VITO:PROBAV_S5_TOA_100M_HDF_V2,URN:EOP:VITO:PROBAV_S5_TOA_100M_HDF_V2,URN EOP VITO PROBAV S5 TOA 100M HDF V2,P CLMS PROBAV S5 TOA 100M HDF V2,"['P', 'CLMS', 'PROBAV', 'S5', 'TOA', '100M', 'HDF', 'V2']"
,urn:eop:VITO:PROBAV_S5_TOC_100M_COG_V2,URN:EOP:VITO:PROBAV_S5_TOC_100M_COG_V2,URN:EOP:VITO:PROBAV_S5_TOC_100M_COG_V2,URN EOP VITO PROBAV S5 TOC 100M COG V2,P CLMS PROBAV S5 TOC 100M COG V2,"['P', 'CLMS', 'PROBAV', 'S5', 'TOC', '100M', 'COG', 'V2']"
,urn:eop:VITO:PROBAV_S5_TOC_100M_HDF_V2,URN:EOP:VITO:PROBAV_S5_TOC_100M_HDF_V2,URN:EOP:VITO:PROBAV_S5_TOC_100M_HDF_V2,URN EOP VITO PROBAV S5 TOC 100M HDF V2,P CLMS PROBAV S5 TOC 100M HDF V2,"['P', 'CLMS', 'PROBAV', 'S5', 'TOC', '100M', 'HDF', 'V2']"
,urn:eop:VITO:PROBAV_S5_TOC_NDVI_100M_COG_V2,URN:EOP:VITO:PROBAV_S5_TOC_NDVI_100M_COG_V2,URN:EOP:VITO:PROBAV_S5_TOC_NDVI_100M_COG_V2,URN EOP VITO PROBAV S5 TOC NDVI 100M COG V2,P CLMS PROBAV S5 TOC NDVI 100M COG V2,"['P', 'CLMS', 'PROBAV', 'S5', 'TOC', 'NDVI', '100M', 'COG', 'V2']"
,urn:eop:VITO:PROBAV_S5_TOC_NDVI_100M_HDF_V2,URN:EOP:VITO:PROBAV_S5_TOC_NDVI_100M_HDF_V2,URN:EOP:VITO:PROBAV_S5_TOC_NDVI_100M_HDF_V2,URN EOP VITO PROBAV S5 TOC NDVI 100M HDF V2,P CLMS PROBAV S5 TOC NDVI 100M HDF V2,"['P', 'CLMS', 'PROBAV', 'S5', 'TOC', 'NDVI', '100M', 'HDF', 'V2']"
,urn:eop:VITO:TERRASCOPE_S1_SLC_COHERENCE_V1,URN:EOP:VITO:TERRASCOPE_S1_SLC_COHERENCE_V1,URN:EOP:VITO:TERRASCOPE_SENTINEL1_SLC_COHERENCE_V1,URN EOP VITO TERRASCOPE SENTINEL1 SLC COHERENCE V1,P CLMS CLMS SENTINEL1 SLC COHERENCE V1,"['P', 'CLMS', 'CLMS', 'SENTINEL1', 'SLC', 'COHERENCE', 'V1']"
,urn:eop:VITO:TERRASCOPE_S2_CCC_V2,URN:EOP:VITO:TERRASCOPE_S2_CCC_V2,URN:EOP:VITO:TERRASCOPE_SENTINEL2_CCC_V2,URN EOP VITO TERRASCOPE SENTINEL2 CCC V2,P CLMS CLMS SENTINEL2 CCC V2,"['P', 'CLMS', 'CLMS', 'SENTINEL2', 'CCC', 'V2']"
,urn:eop:VITO:TERRASCOPE_S2_CHL_V1,URN:EOP:VITO:TERRASCOPE_S2_CHL_V1,URN:EOP:VITO:TERRASCOPE_SENTINEL2_CHL_V1,URN EOP VITO TERRASCOPE SENTINEL2 CHL V1,P CLMS CLMS SENTINEL2 CHL V1,"['P', 'CLMS', 'CLMS', 'SENTINEL2', 'CHL', 'V1']"
,urn:eop:VITO:TERRASCOPE_S2_CWC_V2,URN:EOP:VITO:TERRASCOPE_S2_CWC_V2,URN:EOP:VITO:TERRASCOPE_SENTINEL2_CWC_V2,URN EOP VITO TERRASCOPE SENTINEL2 CWC V2,P CLMS CLMS SENTINEL2 CWC V2,"['P', 'CLMS', 'CLMS', 'SENTINEL2', 'CWC', 'V2']"
,urn:eop:VITO:TERRASCOPE_S2_FAPAR_V2,URN:EOP:VITO:TERRASCOPE_S2_FAPAR_V2,URN:EOP:VITO:TERRASCOPE_SENTINEL2_FAPAR_V2,URN EOP VITO TERRASCOPE SENTINEL2 FAPAR V2,P CLMS CLMS SENTINEL2 FAPAR V2,"['P', 'CLMS', 'CLMS', 'SENTINEL2', 'FAPAR', 'V2']"
,urn:eop:VITO:TERRASCOPE_S2_FCOVER_V2,URN:EOP:VITO:TERRASCOPE_S2_FCOVER_V2,URN:EOP:VITO:TERRASCOPE_SENTINEL2_FCOVER_V2,URN EOP VITO TERRASCOPE SENTINEL2 FCOVER V2,P CLMS CLMS SENTINEL2 FCOVER V2,"['P', 'CLMS', 'CLMS', 'SENTINEL2', 'FCOVER', 'V2']"
,urn:eop:VITO:TERRASCOPE_S2_LAI_V2,URN:EOP:VITO:TERRASCOPE_S2_LAI_V2,URN:EOP:VITO:TERRASCOPE_SENTINEL2_LAI_V2,URN EOP VITO TERRASCOPE SENTINEL2 LAI V2,P CLMS CLMS SENTINEL2 LAI V2,"['P', 'CLMS', 'CLMS', 'SENTINEL2', 'LAI', 'V2']"
,urn:eop:VITO:TERRASCOPE_S2_NDVI_V2,URN:EOP:VITO:TERRASCOPE_S2_NDVI_V2,URN:EOP:VITO:TERRASCOPE_SENTINEL2_NDVI_V2,URN EOP VITO TERRASCOPE SENTINEL2 NDVI V2,P CLMS CLMS SENTINEL2 NDVI V2,"['P', 'CLMS', 'CLMS', 'SENTINEL2', 'NDVI', 'V2']"
,urn:eop:VITO:TERRASCOPE_S2_RHOW_V1,URN:EOP:VITO:TERRASCOPE_S2_RHOW_V1,URN:EOP:VITO:TERRASCOPE_SENTINEL2_RHOW_V1,URN EOP VITO TERRASCOPE SENTINEL2 RHOW V1,P CLMS CLMS SENTINEL2 RHOW V1,"['P', 'CLMS', 'CLMS', 'SENTINEL2', 'RHOW', 'V1']"
,urn:eop:VITO:TERRASCOPE_S2_SPM_V1,URN:EOP:VITO:TERRASCOPE_S2_SPM_V1,URN:EOP:VITO:TERRASCOPE_SENTINEL2_SPM_V1,URN EOP VITO TERRASCOPE SENTINEL2 SPM V1,P CLMS CLMS SENTINEL2 SPM V1,"['P', 'CLMS', 'CLMS', 'SENTINEL2', 'SPM', 'V1']"
,urn:eop:VITO:TERRASCOPE_S2_TOC_V2,URN:EOP:VITO:TERRASCOPE_S2_TOC_V2,URN:EOP:VITO:TERRASCOPE_SENTINEL2_TOC_V2,URN EOP VITO TERRASCOPE SENTINEL2 TOC V2,P CLMS CLMS SENTINEL2 TOC V2,"['P', 'CLMS', 'CLMS', 'SENTINEL2', 'TOC', 'V2']"
,urn:eop:VITO:TERRASCOPE_S2_TUR_V1,URN:EOP:VITO:TERRASCOPE_S2_TUR_V1,URN:EOP:VITO:TERRASCOPE_SENTINEL2_TUR_V1,URN EOP VITO TERRASCOPE SENTINEL2 TUR V1,P CLMS CLMS SENTINEL2 TUR V1,"['P', 'CLMS', 'CLMS', 'SENTINEL2', 'TUR', 'V1']"
,urn:eop:VITO:TERRASCOPE_S3_SY_2_V10_V1,URN:EOP:VITO:TERRASCOPE_S3_SY_2_V10_V1,URN:EOP:VITO:TERRASCOPE_SENTINEL3_SY_2_V10_V1,URN EOP VITO TERRASCOPE SENTINEL3 SY 2 V10 V1,P CLMS CLMS SENTINEL3 SY 2 V10 V1,"['P', 'CLMS', 'CLMS', 'SENTINEL3', 'SY', '2', 'V10', 'V1']"
,urn:eop:VITO:TERRASCOPE_S3_SY_2_VG1_V1,URN:EOP:VITO:TERRASCOPE_S3_SY_2_VG1_V1,URN:EOP:VITO:TERRASCOPE_SENTINEL3_SY_2_VG1_V1,URN EOP VITO TERRASCOPE SENTINEL3 SY 2 VG1 V1,P CLMS CLMS SENTINEL3 SY 2 VG1 V1,"['P', 'CLMS', 'CLMS', 'SENTINEL3', 'SY', '2', 'VG1', 'V1']"
,urn:eop:VITO:TERRASCOPE_S5P_L3_CH4_TD_V1,URN:EOP:VITO:TERRASCOPE_S5P_L3_CH4_TD_V1,URN:EOP:VITO:TERRASCOPE_SENTINEL5P_L3_CH4_TD_V1,URN EOP VITO TERRASCOPE SENTINEL5P L3 CH4 TD V1,P CLMS CLMS SENTINEL5P L3 CH4 TD V1,"['P', 'CLMS', 'CLMS', 'SENTINEL5P', 'L3', 'CH4', 'TD', 'V1']"
,urn:eop:VITO:TERRASCOPE_S5P_L3_CH4_TD_V2,URN:EOP:VITO:TERRASCOPE_S5P_L3_CH4_TD_V2,URN:EOP:VITO:TERRASCOPE_SENTINEL5P_L3_CH4_TD_V2,URN EOP VITO TERRASCOPE SENTINEL5P L3 CH4 TD V2,P CLMS CLMS SENTINEL5P L3 CH4 TD V2,"['P', 'CLMS', 'CLMS', 'SENTINEL5P', 'L3', 'CH4', 'TD', 'V2']"
,urn:eop:VITO:TERRASCOPE_S5P_L3_CH4_TM_V1,URN:EOP:VITO:TERRASCOPE_S5P_L3_CH4_TM_V1,URN:EOP:VITO:TERRASCOPE_SENTINEL5P_L3_CH4_TM_V1,URN EOP VITO TERRASCOPE SENTINEL5P L3 CH4 TM V1,P CLMS CLMS SENTINEL5P L3 CH4 TM V1,"['P', 'CLMS', 'CLMS', 'SENTINEL5P', 'L3', 'CH4', 'TM', 'V1']"
,urn:eop:VITO:TERRASCOPE_S5P_L3_CH4_TM_V2,URN:EOP:VITO:TERRASCOPE_S5P_L3_CH4_TM_V2,URN:EOP:VITO:TERRASCOPE_SENTINEL5P_L3_CH4_TM_V2,URN EOP VITO TERRASCOPE SENTINEL5P L3 CH4 TM V2,P CLMS CLMS SENTINEL5P L3 CH4 TM V2,"['P', 'CLMS', 'CLMS', 'SENTINEL5P', 'L3', 'CH4', 'TM', 'V2']"
,urn:eop:VITO:TERRASCOPE_S5P_L3_CH4_TY_V1,URN:EOP:VITO:TERRASCOPE_S5P_L3_CH4_TY_V1,URN:EOP:VITO:TERRASCOPE_SENTINEL5P_L3_CH4_TY_V1,URN EOP VITO TERRASCOPE SENTINEL5P L3 CH4 TY V1,P CLMS CLMS SENTINEL5P L3 CH4 TY V1,"['P', 'CLMS', 'CLMS', 'SENTINEL5P', 'L3', 'CH4', 'TY', 'V1']"
,urn:eop:VITO:TERRASCOPE_S5P_L3_CH4_TY_V2,URN:EOP:VITO:TERRASCOPE_S5P_L3_CH4_TY_V2,URN:EOP:VITO:TERRASCOPE_SENTINEL5P_L3_CH4_TY_V2,URN EOP VITO TERRASCOPE SENTINEL5P L3 CH4 TY V2,P CLMS CLMS SENTINEL5P L3 CH4 TY V2,"['P', 'CLMS', 'CLMS', 'SENTINEL5P', 'L3', 'CH4', 'TY', 'V2']"
,urn:eop:VITO:TERRASCOPE_S5P_L3_CO_TD_V1,URN:EOP:VITO:TERRASCOPE_S5P_L3_CO_TD_V1,URN:EOP:VITO:TERRASCOPE_SENTINEL5P_L3_CO_TD_V1,URN EOP VITO TERRASCOPE SENTINEL5P L3 CO TD V1,P CLMS CLMS SENTINEL5P L3 CO TD V1,"['P', 'CLMS', 'CLMS', 'SENTINEL5P', 'L3', 'CO', 'TD', 'V1']"
,urn:eop:VITO:TERRASCOPE_S5P_L3_CO_TD_V2,URN:EOP:VITO:TERRASCOPE_S5P_L3_CO_TD_V2,URN:EOP:VITO:TERRASCOPE_SENTINEL5P_L3_CO_TD_V2,URN EOP VITO TERRASCOPE SENTINEL5P L3 CO TD V2,P CLMS CLMS SENTINEL5P L3 CO TD V2,"['P', 'CLMS', 'CLMS', 'SENTINEL5P', 'L3', 'CO', 'TD', 'V2']"
,urn:eop:VITO:TERRASCOPE_S5P_L3_CO_TM_V1,URN:EOP:VITO:TERRASCOPE_S5P_L3_CO_TM_V1,URN:EOP:VITO:TERRASCOPE_SENTINEL5P_L3_CO_TM_V1,URN EOP VITO TERRASCOPE SENTINEL5P L3 CO TM V1,P CLMS CLMS SENTINEL5P L3 CO TM V1,"['P', 'CLMS', 'CLMS', 'SENTINEL5P', 'L3', 'CO', 'TM', 'V1']"
,urn:eop:VITO:TERRASCOPE_S5P_L3_CO_TM_V2,URN:EOP:VITO:TERRASCOPE_S5P_L3_CO_TM_V2,URN:EOP:VITO:TERRASCOPE_SENTINEL5P_L3_CO_TM_V2,URN EOP VITO TERRASCOPE SENTINEL5P L3 CO TM V2,P CLMS CLMS SENTINEL5P L3 CO TM V2,"['P', 'CLMS', 'CLMS', 'SENTINEL5P', 'L3', 'CO', 'TM', 'V2']"
,urn:eop:VITO:TERRASCOPE_S5P_L3_CO_TY_V1,URN:EOP:VITO:TERRASCOPE_S5P_L3_CO_TY_V1,URN:EOP:VITO:TERRASCOPE_SENTINEL5P_L3_CO_TY_V1,URN EOP VITO TERRASCOPE SENTINEL5P L3 CO TY V1,P CLMS CLMS SENTINEL5P L3 CO TY V1,"['P', 'CLMS', 'CLMS', 'SENTINEL5P', 'L3', 'CO', 'TY', 'V1']"
,urn:eop:VITO:TERRASCOPE_S5P_L3_CO_TY_V2,URN:EOP:VITO:TERRASCOPE_S5P_L3_CO_TY_V2,URN:EOP:VITO:TERRASCOPE_SENTINEL5P_L3_CO_TY_V2,URN EOP VITO TERRASCOPE SENTINEL5P L3 CO TY V2,P CLMS CLMS SENTINEL5P L3 CO TY V2,"['P', 'CLMS', 'CLMS', 'SENTINEL5P', 'L3', 'CO', 'TY', 'V2']"
,urn:eop:VITO:TERRASCOPE_S5P_L3_HCHO_TD_V1,URN:EOP:VITO:TERRASCOPE_S5P_L3_HCHO_TD_V1,URN:EOP:VITO:TERRASCOPE_SENTINEL5P_L3_HCHO_TD_V1,URN EOP VITO TERRASCOPE SENTINEL5P L3 HCHO TD V1,P CLMS CLMS SENTINEL5P L3 HCHO TD V1,"['P', 'CLMS', 'CLMS', 'SENTINEL5P', 'L3', 'HCHO', 'TD', 'V1']"
,urn:eop:VITO:TERRASCOPE_S5P_L3_HCHO_TD_V2,URN:EOP:VITO:TERRASCOPE_S5P_L3_HCHO_TD_V2,URN:EOP:VITO:TERRASCOPE_SENTINEL5P_L3_HCHO_TD_V2,URN EOP VITO TERRASCOPE SENTINEL5P L3 HCHO TD V2,P CLMS CLMS SENTINEL5P L3 HCHO TD V2,"['P', 'CLMS', 'CLMS', 'SENTINEL5P', 'L3', 'HCHO', 'TD', 'V2']"
,urn:eop:VITO:TERRASCOPE_S5P_L3_HCHO_TM_V1,URN:EOP:VITO:TERRASCOPE_S5P_L3_HCHO_TM_V1,URN:EOP:VITO:TERRASCOPE_SENTINEL5P_L3_HCHO_TM_V1,URN EOP VITO TERRASCOPE SENTINEL5P L3 HCHO TM V1,P CLMS CLMS SENTINEL5P L3 HCHO TM V1,"['P', 'CLMS', 'CLMS', 'SENTINEL5P', 'L3', 'HCHO', 'TM', 'V1']"
,urn:eop:VITO:TERRASCOPE_S5P_L3_HCHO_TM_V2,URN:EOP:VITO:TERRASCOPE_S5P_L3_HCHO_TM_V2,URN:EOP:VITO:TERRASCOPE_SENTINEL5P_L3_HCHO_TM_V2,URN EOP VITO TERRASCOPE SENTINEL5P L3 HCHO TM V2,P CLMS CLMS SENTINEL5P L3 HCHO TM V2,"['P', 'CLMS', 'CLMS', 'SENTINEL5P', 'L3', 'HCHO', 'TM', 'V2']"
,urn:eop:VITO:TERRASCOPE_S5P_L3_HCHO_TY_V1,URN:EOP:VITO:TERRASCOPE_S5P_L3_HCHO_TY_V1,URN:EOP:VITO:TERRASCOPE_SENTINEL5P_L3_HCHO_TY_V1,URN EOP VITO TERRASCOPE SENTINEL5P L3 HCHO TY V1,P CLMS CLMS SENTINEL5P L3 HCHO TY V1,"['P', 'CLMS', 'CLMS', 'SENTINEL5P', 'L3', 'HCHO', 'TY', 'V1']"
,urn:eop:VITO:TERRASCOPE_S5P_L3_HCHO_TY_V2,URN:EOP:VITO:TERRASCOPE_S5P_L3_HCHO_TY_V2,URN:EOP:VITO:TERRASCOPE_SENTINEL5P_L3_HCHO_TY_V2,URN EOP VITO TERRASCOPE SENTINEL5P L3 HCHO TY V2,P CLMS CLMS SENTINEL5P L3 HCHO TY V2,"['P', 'CLMS', 'CLMS', 'SENTINEL5P', 'L3', 'HCHO', 'TY', 'V2']"
,urn:eop:VITO:TERRASCOPE_S5P_L3_NO2_TD_V1,URN:EOP:VITO:TERRASCOPE_S5P_L3_NO2_TD_V1,URN:EOP:VITO:TERRASCOPE_SENTINEL5P_L3_NO2_TD_V1,URN EOP VITO TERRASCOPE SENTINEL5P L3 NO2 TD V1,P CLMS CLMS SENTINEL5P L3 NO2 TD V1,"['P', 'CLMS', 'CLMS', 'SENTINEL5P', 'L3', 'NO2', 'TD', 'V1']"
,urn:eop:VITO:TERRASCOPE_S5P_L3_NO2_TD_V2,URN:EOP:VITO:TERRASCOPE_S5P_L3_NO2_TD_V2,URN:EOP:VITO:TERRASCOPE_SENTINEL5P_L3_NO2_TD_V2,URN EOP VITO TERRASCOPE SENTINEL5P L3 NO2 TD V2,P CLMS CLMS SENTINEL5P L3 NO2 TD V2,"['P', 'CLMS', 'CLMS', 'SENTINEL5P', 'L3', 'NO2', 'TD', 'V2']"
,urn:eop:VITO:TERRASCOPE_S5P_L3_NO2_TM_V1,URN:EOP:VITO:TERRASCOPE_S5P_L3_NO2_TM_V1,URN:EOP:VITO:TERRASCOPE_SENTINEL5P_L3_NO2_TM_V1,URN EOP VITO TERRASCOPE SENTINEL5P L3 NO2 TM V1,P CLMS CLMS SENTINEL5P L3 NO2 TM V1,"['P', 'CLMS', 'CLMS', 'SENTINEL5P', 'L3', 'NO2', 'TM', 'V1']"
,urn:eop:VITO:TERRASCOPE_S5P_L3_NO2_TM_V2,URN:EOP:VITO:TERRASCOPE_S5P_L3_NO2_TM_V2,URN:EOP:VITO:TERRASCOPE_SENTINEL5P_L3_NO2_TM_V2,URN EOP VITO TERRASCOPE SENTINEL5P L3 NO2 TM V2,P CLMS CLMS SENTINEL5P L3 NO2 TM V2,"['P', 'CLMS', 'CLMS', 'SENTINEL5P', 'L3', 'NO2', 'TM', 'V2']"
,urn:eop:VITO:TERRASCOPE_S5P_L3_NO2_TY_V1,URN:EOP:VITO:TERRASCOPE_S5P_L3_NO2_TY_V1,URN:EOP:VITO:TERRASCOPE_SENTINEL5P_L3_NO2_TY_V1,URN EOP VITO TERRASCOPE SENTINEL5P L3 NO2 TY V1,P CLMS CLMS SENTINEL5P L3 NO2 TY V1,"['P', 'CLMS', 'CLMS', 'SENTINEL5P', 'L3', 'NO2', 'TY', 'V1']"
,urn:eop:VITO:TERRASCOPE_S5P_L3_NO2_TY_V2,URN:EOP:VITO:TERRASCOPE_S5P_L3_NO2_TY_V2,URN:EOP:VITO:TERRASCOPE_SENTINEL5P_L3_NO2_TY_V2,URN EOP VITO TERRASCOPE SENTINEL5P L3 NO2 TY V2,P CLMS CLMS SENTINEL5P L3 NO2 TY V2,"['P', 'CLMS', 'CLMS', 'SENTINEL5P', 'L3', 'NO2', 'TY', 'V2']"
,urn:ogc:def:EOP:VITO:VGT_P,URN:OGC:DEF:EOP:VITO:VGT_P,URN:OGC:DEF:EOP:VITO:VGT_P,URN OGC DEF EOP VITO VGT P,OGC DEF P CLMS VGT P,"['OGC', 'DEF', 'P', 'CLMS', 'VGT', 'P']"
,urn:ogc:def:EOP:VITO:VGT_S1,URN:OGC:DEF:EOP:VITO:VGT_S1,URN:OGC:DEF:EOP:VITO:VGT_SENTINEL1,URN OGC DEF EOP VITO VGT SENTINEL1,OGC DEF P CLMS VGT SENTINEL1,"['OGC', 'DEF', 'P', 'CLMS', 'VGT', 'SENTINEL1']"
,urn:ogc:def:EOP:VITO:VGT_S10,URN:OGC:DEF:EOP:VITO:VGT_S10,URN:OGC:DEF:EOP:VITO:VGT_SENTINEL10,URN OGC DEF EOP VITO VGT SENTINEL10,OGC DEF P CLMS VGT SENTINEL10,"['OGC', 'DEF', 'P', 'CLMS', 'VGT', 'SENTINEL10']"
